{"web":{"client_id":"319634055646-tn6825rj1v8dk8a97ut6bllnnvechu8o.apps.googleusercontent.com","project_id":"rtdownloader43","auth_uri":"https://accounts.google.com/o/oauth2/auth","token_uri":"https://www.googleapis.com/oauth2/v3/token","auth_provider_x509_cert_url":"https://www.googleapis.com/oauth2/v1/certs","client_secret":"N_gZcVph2JD7iCcyDLKm_L-5","redirect_uris":["https://rtdownloader.000webhostapp.com/backup1.php","https://rtdownloader.000webhostapp.com/backupall.php","https://rtdownloader.000webhostapp.com/c.php","https://abhishekrt.xyz/upload.php","https://abhishekrt.xyz/backup.php","https://abhishekrt.xyz/backupall.php","https://abhishekrt.xyz/backup1.php"]}}